,Last Name,First Name,Address,City,ZIP,Phone,Phone2,email,Member Since,Company,Member Type,Title,Terms,Name,Age
0,Barrera,,Ap #509-7259 Volutpat Road,Vienna,7121,+1 (721) 745-1670,(103) 610-6809,,2013-11-17 04:27:49,Apple Systems,,Dr.,venenatis lacus. Etiam bibendum fermentum metus. Aenean sed pede nec,"Barrera, Dawn",-2.0
1,Ware,Moses,920-6169 Quis Rd.,Springfield,B7X 6A1,(258) 594-8621,(809) 315-8612,mauris Morbi@dignissimtemporarcu org,2015-09-03 14:51:01,Lavasoft,Subscriber,Dr.,"et, rutrum non, hendrerit id, ante. Nunc mauris sapien, cursus","Ware, Moses",3.0
2,Solomon,Mariam,794-8695 Penatibus Road,Maglie,26473,+1 (292) 169-5780,(327) 712-6345,nostra@faucibusMorbivehicula org,2015-04-14 01:08:43,Cakewalk,Elite,,"mauris ipsum porta elit, a feugiat tellus lorem eu metus.","Solomon, Mariam",48.0
3,Freeman,Moses,898-7150 Eu St.,Castelnovo del Friuli,96414,(607) 690-4278,(711) 408-8836,eu.augue@loremeumetus.co.uk,2015-08-11 06:43:17,Sibelius,,,"tellus sem mollis dui, in sodales elit erat vitae risus.","Freeman, Moses",15.0
4,Gates,Abbot,517-1730 A St.,Herstappe,528650,(946) 204-6537,NULL,arcu.iaculis@tristiqueneque.org,2015-09-25 16:17:02,Adobe,"Elite, Platinum",Mr.,"ac sem ut dolor dapibus gravida. Aliquam tincidunt, nunc ac","Gates, Abbot",15.0
5,Powers,,4038 Tempus Rd.,Trazegnies,JN47 1RS,+1 (436) 586-8748,(572) 176-9688,orci.luctus@Nuncquisarcu.com,2014-02-21 11:59:46,Lycos,,,"amet, consectetuer adipiscing elit. Curabitur sed tortor. Integer aliquam adipiscing",,70.0
6,Weber,Benedict,1920 Curae; Avenue,Sydney,89853,(289) 604-7269,(394) 630-8751,Vivamus@aclibero.org,2014-08-22 19:21:06,Macromedia,,Mrs.,In nec orci. Donec nibh. Quisque nonummy ipsum non arcu.,"Weber, Benedict",5.0
7,Sharp,Garrison,Ap #346-3022 Sit Rd.,Dolgellau,316958,(664) 754-1494,(527) 803-6983,blandit@lobortisnisi ca,2014-03-25 10:37:05,Macromedia,,,"porta elit, a feugiat tellus lorem eu metus. In lorem.","Sharp, Garrison",22.0
8,Neal,Brianna,"P.O. Box 193, 4311 Non, Rd.",Varanasi,3652,(364) 859-9736,NULL,tellus.nonPellentesquehabitant.org,2014-11-15 05:39:20,Borland,Subscriber,,eu sem. Pellentesque ut ipsum ac mi eleifend egestas. Sed,"Neal, Brianna",2.0
9,Perez,Blake,"P.O. Box 143, 2053 Aliquam, St.",K�nigs Wusterhausen,6412,562.842.0885,(831) 836-0631,ullamcorper Duis@pharetraNam com,2014-10-25 05:28:05,Apple Systems,,Dr.,"massa lobortis ultrices. Vivamus rhoncus. Donec est. Nunc ullamcorper, velit","Perez, Blake",0.0
10,Buckley,Gillian,"P.O. Box 475, 3406 Eleifend, St.",Lakewood,29909,(670) 427-4742,(535) 459-5367,venenatis adiamSed ca,2014-11-30 16:04:32,Chami,", Trial",,malesuada fringilla est. Mauris eu turpis. Nulla aliquet. Proin velit.,"Buckley, Gillian",52.0
11,Brady,Montana,"P.O. Box 502, 4093 Tincidunt Rd.",Castello di Godego,54630,(519) 638-0041,(867) 904-9735,euismod.enim@dapibusidblandit.org,2014-01-28 05:25:14,Microsoft,,,"natoque penatibus et magnis dis parturient montes, nascetur ridiculus mus.","Brady, Montana",13.0
12,Cote,Jacob,373-6640 Dolor Rd.,Collecchio,26866,(607) 102-4092,(146) 673-8576,molestie arcu@Craslorem ca,2014-04-12 00:32:36,Yahoo,Elite,,"aliquet vel, vulputate eu, odio. Phasellus at augue id ante","Cote, Jacob",35.0
13,Mendez,Germaine,9243 Ligula St.,Delmenhorst,1332,(685) 369-8676,(299) 388-5642,libero Proin@acmieleifend com,2014-05-28 02:35:57,Cakewalk,"Elite, Platinum",Ms.,aliquet. Phasellus fermentum convallis ligula. Donec luctus aliquet odio. Etiam,"Mendez, Germaine",6.0
14,Shannon,Moses,829-4991 Accumsan St.,Goderich,3734,+1 (676) 537-8998,,habitant morbi@nascetur ca,2014-01-31 13:40:19,Lavasoft,"Elite, Subscriber",,"justo. Proin non massa non ante bibendum ullamcorper. Duis cursus,","Shannon, Moses",21.0
15,Macias,Harriet,1704 Amet Ave,Ilkeston,68599,(182) 514-6349,(940) 110-8501,rhoncus.Proin@semper.com,2014-11-11 20:45:39,Finale,Subscriber,,"consectetuer, cursus et, magna. Praesent interdum ligula eu enim. Etiam","Macias, Harriet",31.0
16,Lopez,Ishmael,Ap #232-2486 Dui St.,Hérouville-Saint-Clair,951448,963.534.7962,NULL,necametorci co uk,2014-05-30 09:24:22,Altavista,"Subscriber, Trial",Ms.,"nunc nulla vulputate dui, nec tempus mauris erat eget ipsum.","Lopez, Ishmael",21.0
17,Graves,Kennan,894-2164 Ac Rd.,Sprimont,50-846,(833) 515-0451,(105) 820-1507,eu.tempor.erat@elit.co.uk,2014-09-17 10:57:11,Chami,,,ut quam vel sapien imperdiet ornare. In faucibus. Morbi vehicula.,"Graves, Kennan",22.0
18,Wright,Rogan,"272-5312 Orci, Street",Bridgnorth,98176,(384) 812-6185,(321) 645-7325,odiosollicitudin.edu,2014-12-28 11:34:29,Macromedia,,,id enim. Curabitur massa. Vestibulum accumsan neque et nunc. Quisque,"Wright, Rogan",63.0
19,Nichols,Walker,145 Mauris Av.,Bossut-Gottechain,84734,293.215.4327,NULL,sapien@Duis.edu,2013-10-24 12:37:14,Google,,,vitae purus gravida sagittis. Duis gravida. Praesent eu nulla at,"Nichols, Walker",9.0
20,Rowland,Raja,"P.O. Box 231, 817 Purus St.",Dro,7295,(891) 603-2789,(885) 121-8047,Integer.vitae.nibh@accumsan.edu,2015-06-03 04:54:01,Borland,Platinum,Mrs.,consequat dolor vitae dolor. Donec fringilla. Donec feugiat metus sit,,6.0
21,Rowland,Kyla,9083 Vitae Ave,Helkijn,70614,(736) 168-5181,(134) 555-9362,mi@vitaealiquet.net,2013-12-16 19:39:53,Apple Systems,,,"enim. Suspendisse aliquet, sem ut cursus luctus, ipsum leo elementum","Rowland, Kyla",6.0
22,Humphrey,Jamal,"P.O. Box 808, 4916 Augue Av.",Montefiore dell'Aso,0790,(985) 749-2499,(781) 718-9004,semdui,2014-06-05 21:10:44,Lycos,,Dr.,malesuada malesuada. Integer id magna et ipsum cursus vestibulum. Mauris,"Humphrey, Jamal",77.0
23,Booth,Kane,9729 Et St.,Moorsel,78871,+1 (852) 374-0150,,aliquam@aodiosemper.edu,2015-04-11 17:55:51,Apple Systems,,,orci. Donec nibh. Quisque nonummy ipsum non arcu. Vivamus sit,"Booth, Kane",110.0
24,Alvarado,,"P.O. Box 630, 3398 Sed St.",Angers,4165,(254) 645-5937,(508) 675-9131,nostra.per.inceptos@Quisqueornaretortor,2013-10-28 01:16:55,Sibelius,,,"magnis dis parturient montes, nascetur ridiculus mus. Donec dignissim magna","Alvarado, Dorothy",60.0
25,Frye,Cody,Ap #409-1562 Nec St.,Braunschweig,13587,(114) 902-6833,(545) 480-6428,nisl.elementum.purus@Donec.com,2014-02-05 19:43:00,Apple Systems,,,sem eget massa. Suspendisse eleifend. Cras sed leo. Cras vehicula,"Frye, Cody",12.0
26,Wolf,Mannix,156-236 Dui. Avenue,Invercargill,R3L 7C5,(324) 983-0412,(111) 201-4688,elit@velquamdignissim.co.uk,2014-09-02 23:10:43,Cakewalk,Platinum,,arcu ac orci. Ut semper pretium neque. Morbi quis urna.,"Wolf, Mannix",9.0
27,Craft,Kenyon,673-5337 Malesuada Rd.,Itzehoe,31617,(227) 734-6812,,Donec.luctus.aliquet@metusVivamuseuismod.ca,2014-12-03 17:38:21,Finale,,,"lectus rutrum urna, nec luctus felis purus ac tellus. Suspendisse","Craft, Kenyon",11.0
28,Duke,Maryam,"P.O. Box 386, 5684 Vestibulum Road",Klabbeek,22045,+1 818.556.6726,(691) 633-2544,orci.lobortis@aliquet.edu,2015-03-02 11:48:07,Borland,,Mrs.,eu nulla at sem molestie sodales. Mauris blandit enim consequat,"Duke, Maryam",6.0
29,Reilly,Keith,"794-2309 Vitae, St.",Grande Cache,4588IF,(220) 206-8518,,mus.Aenean@mauriseu.net,2014-02-07 06:39:06,Sibelius,,Ms.,"non, hendrerit id, ante. Nunc mauris sapien, cursus in, hendrerit","Reilly, Keith",11.0
30,Olsen,Ina,Ap #846-2349 Quis Rd.,Dion-Valmont,103283,+1 (717) 976-6589,(242) 966-1407,ac.urna@tincidunt.edu,2015-08-22 10:18:35,Apple Systems,Subscriber,,"enim. Sed nulla ante, iaculis nec, eleifend non, dapibus rutrum,","Olsen, Ina",-5.0
31,Gould,Naomi,174-5100 Molestie Rd.,Stintino,80888,858.619.5042,(353) 876-1600,cursus.a.enim@nisinibhlacinia.org,2014-05-15 00:58:44,Borland,,,"Aliquam tincidunt, nunc ac mattis ornare, lectus ante dictum mi,","Gould, Naomi",33.0
32,Callahan,Sybil,9587 Amet Rd.,Assiniboia,Y5X 1Z5,(225) 134-2981,NULL,sem ut cursus@nasceturridiculusmus ca,2014-03-29 08:43:01,Cakewalk,"Trial, Elite",Mrs.,"elementum sem, vitae aliquam eros turpis non enim. Mauris quis","Callahan, Sybil",5.0
33,Mcmahon,Kiara,"Ap #935-3447 Ornare, Rd.",Leval-Chaudeville,779044,(735) 773-7553,(131) 212-8048,neque.tellus.imperdiet@Quisqueporttitor.co.uk,2015-06-01 14:20:49,Microsoft,,,fames ac turpis egestas. Aliquam fringilla cursus purus. Nullam scelerisque,"Mcmahon, Kiara",41.0
34,Garza,Savannah,"P.O. Box 683, 2845 Semper St.",Calder,30300,(926) 825-6835,(902) 120-6773,euismod.in.dolor@nibh,2014-01-07 19:59:41,Borland,,Mrs.,"felis orci, adipiscing non, luctus sit amet, faucibus ut, nulla.","Garza, Savannah",97.0
35,Coleman,Bruno,"P.O. Box 136, 3366 Lobortis, Road",Walhain,6203,(927) 271-8515,,ornare egestas ligulapedesagittisaugue ca,2015-02-17 13:14:27,Borland,,,"justo nec ante. Maecenas mi felis, adipiscing fringilla, porttitor vulputate,","Coleman, Bruno",23.0
36,Marks,,572 Consequat Street,Jefferson City,5811,(261) 704-1754,,Fusce@DuisgravidaPraesent org,2015-06-15 21:23:01,Google,,,"quam, elementum at, egestas a, scelerisque sed, sapien. Nunc pulvinar","Marks, Sigourney",30.0
37,Osborn,Omar,"P.O. Box 775, 2359 Arcu. Rd.",Savona,N2L 6C0,652.498.1524,(392) 246-8312,vel vulputate@ullamcorperDuisat org,2014-01-09 02:38:50,Apple Systems,,,"vestibulum lorem, sit amet ultricies sem magna nec quam. Curabitur","Osborn, Omar",44.0
38,Fletcher,Christopher,7533 Ac Road,Villafalletto,414680,+1 (297) 581-2502,,Vestibulum.ut@orci,2015-09-02 16:57:39,Apple Systems,Trial,,ut eros non enim commodo hendrerit. Donec porttitor tellus non,"Fletcher, Christopher",47.0
39,Mccullough,Russell,"589-5529 A, Avenue",Molenbeersel,87609,(460) 364-8769,NULL,et.magna@metussitamet.edu,2015-09-17 10:46:25,Cakewalk,Platinum,Ms.,ultricies sem magna nec quam. Curabitur vel lectus. Cum sociis,"Mccullough, Russell",34.0
40,Burke,Shay,Ap #540-2394 Quam. Av.,Bhavnagar,5409,(552) 334-3709,NULL,eu.tellus.eu@pede.net,2014-02-12 13:12:59,Yahoo,"Platinum, Elite",,"tempor bibendum. Donec felis orci, adipiscing non, luctus sit amet,","Burke, Shay",11.0
41,Kline,,"P.O. Box 270, 6630 Odio Road",Forio,43611,(538) 111-1045,(742) 104-8433,lobortis@liberoMorbi.co.uk,2014-01-22 20:26:09,Lavasoft,", Platinum",,"montes, nascetur ridiculus mus. Proin vel nisl. Quisque fringilla euismod","Kline, Moses",43.0
42,Velez,Helen,Ap #885-7016 Lectus St.,Fishguard,85496,(697) 455-1172,(305) 386-3861,dapibus@porttitor.net,2015-08-11 09:01:48,Sibelius,,,"eu, placerat eget, venenatis a, magna. Lorem ipsum dolor sit","Velez, Helen",12.0
43,Watson,Avye,"P.O. Box 469, 7889 In Street",Tacoma,85849,(830) 472-0668,(117) 565-6694,venenatis.a.magnavarius.ca,2015-05-14 05:59:23,Macromedia,Elite,Mrs.,"mi lacinia mattis. Integer eu lacus. Quisque imperdiet, erat nonummy","Watson, Avye",52.0
44,Finley,Isadora,772-4638 Ipsum. Av.,Marneffe,241982,(442) 644-3128,(285) 320-6175,Lorem.ipsum@amet.com,2014-10-30 00:59:47,Sibelius,,Mrs.,"a, scelerisque sed, sapien. Nunc pulvinar arcu et pede. Nunc","Finley, Isadora",39.0
45,Maddox,Zachery,565-7942 Massa. Rd.,San Isidro de El General,87-138,597.451.8049,(466) 134-7057,Fusce@diamat.net,2015-05-11 20:00:01,Yahoo,,,"lobortis ultrices. Vivamus rhoncus. Donec est. Nunc ullamcorper, velit in","Maddox, Zachery",12.0
46,Stafford,Tad,1305 Molestie Road,Latur,73684,+1 (620) 465-8987,,enim.consequat@NullafacilisisSuspendisse.net,2014-11-30 11:16:28,Microsoft,"Subscriber, Trial",,"augue eu tellus. Phasellus elit pede, malesuada vel, venenatis vel,","Stafford, Tad",66.0
47,Lynch,Emerald,6509 Nullam Road,Wemmel,2185,(557) 478-7805,,tincidunt.orci.quis@ipsumsodales.co,2015-02-05 09:35:40,Yahoo,Platinum,,Phasellus vitae mauris sit amet lorem semper auctor. Mauris vel,"Lynch, Emerald",18.0
48,Jimenez,Neil,"P.O. Box 221, 9414 Iaculis Street",Ashburton,270717,(454) 110-7094,(530) 813-0482,Duis.risus.odio@vitae.org,2014-08-04 14:01:42,Yahoo,"Subscriber, ",,"penatibus et magnis dis parturient montes, nascetur ridiculus mus. Aenean",,75.0
49,Meyers,Laura,4022 Diam Av.,Carunchio,40120,+1 (645) 540-8433,NULL,quis.lectus.Nullamvulputatenisisem.net,2014-06-02 07:45:41,Macromedia,Platinum,Mr.,metus. In nec orci. Donec nibh. Quisque nonummy ipsum non,"Meyers, Laura",49.0
50,Robbins,Solomon,1467 Iaculis Av.,Woodlands County,39164-716,(365) 395-9830,NULL,molestie.sodales.Mauris@eusem.org,2015-02-10 08:44:52,Chami,Elite,Ms.,"odio vel est tempor bibendum. Donec felis orci, adipiscing non,","Robbins, Solomon",10.0
51,Whitaker,Iola,1175 Dolor Ave,Hamilton,07943,(116) 818-6035,(765) 874-8415,vitae.erat@nondapibusrutrum.ca,2014-12-04 23:15:13,Borland,Subscriber,,et ultrices posuere cubilia Curae; Phasellus ornare. Fusce mollis. Duis,"Whitaker, Iola",10.0
52,Peck,Jolie,Ap #203-9176 Ultrices. Av.,Penna in Teverina,3943,(896) 214-2147,(984) 280-8914,nunc.sed.pede@nonjustoProin.edu,2014-04-30 09:39:36,Chami,Platinum,,"aliquam iaculis, lacus pede sagittis augue, eu tempor erat neque","Peck, Jolie",25.0
53,Parks,,"P.O. Box 458, 5245 In St.",Blue Mountains,45605,(722) 572-0638,NULL,turpis.egestas.Fusce@ligula.ca,2014-03-31 01:49:40,Finale,,,"eu erat semper rutrum. Fusce dolor quam, elementum at, egestas","Parks, Omar",38.0
54,Spencer,Madonna,"P.O. Box 364, 2335 Ligula Rd.",Galzignano Terme,69564,923.926.5924,(655) 953-7291,vitae@nonvestibulumnec.net,2015-04-04 15:06:00,Yahoo,,,"nec ante blandit viverra. Donec tempus, lorem fringilla ornare placerat,","Spencer, Madonna",72.0
55,Santos,Portia,Ap #831-9335 Nunc Ave,Glendon,7267,709.727.4089,(750) 694-3263,,2015-04-14 07:38:15,Lycos,"Platinum, ",,dolor. Nulla semper tellus id nunc interdum feugiat. Sed nec,"Santos, Portia",12.0
56,Chambers,Laura,Ap #648-4910 Senectus Ave,Kasterlee,7890,(332) 165-0373,(438) 676-1622,magna Ut tincidunt@velfaucibus com,2013-11-12 06:18:28,Macromedia,"Platinum, Subscriber",Ms.,Duis dignissim tempor arcu. Vestibulum ut eros non enim commodo,"Chambers, Laura",67.0
57,Diaz,Emi,1060 Risus. Road,Whangarei,486077,(714) 407-2878,(404) 433-2799,magnamagnased.edu,2013-12-19 04:23:02,Adobe,"Platinum, Elite",,"Aenean egestas hendrerit neque. In ornare sagittis felis. Donec tempor,",,12.0
58,Small,Allegra,"Ap #948-7218 Ullamcorper, St.",North Dum Dum,6092,(600) 387-0414,(660) 399-3593,adipiscing.enim.mi@ligulaAenean.org,2014-10-08 04:00:26,Cakewalk,,Mrs.,"sodales. Mauris blandit enim consequat purus. Maecenas libero est, congue","Small, Allegra",23.0
59,Blackburn,,302-3831 In Av.,Dallas,20300,(787) 469-4808,(847) 582-7913,at velit@telluslorem edu,2014-10-15 19:30:12,Altavista,"Subscriber, Elite",,faucibus orci luctus et ultrices posuere cubilia Curae; Phasellus ornare.,"Blackburn, Lillith",16.0
60,Blair,Wendy,"P.O. Box 428, 5951 At St.",Aberdeen,3942,(169) 744-5710,(676) 668-9926,molestie@volutpat ca,2014-11-01 04:58:20,Altavista,", Elite",,"ultricies ligula. Nullam enim. Sed nulla ante, iaculis nec, eleifend","Blair, Wendy",20.0
61,Guthrie,Alexa,8518 Donec Rd.,Weiz,681163,(961) 308-5186,(643) 379-2464,est@duinec co uk,2015-07-27 20:12:27,Lavasoft,,Mr.,tincidunt aliquam arcu. Aliquam ultrices iaculis odio. Nam interdum enim,"Guthrie, Alexa",54.0
62,Anthony,Sydnee,492-4849 Sociosqu Road,Sint-Andries,3269,(192) 305-0972,(779) 442-0487,luctus.et.ultrices@pede.com,2014-03-14 16:50:44,Cakewalk,,Ms.,"Duis elementum, dui quis accumsan convallis, ante lectus convallis est,","Anthony, Sydnee",9.0
63,Herrera,Breanna,"Ap #163-7592 Cursus, St.",Anlier,8494IN,(923) 706-2838,(823) 327-6601,lorem@dolor.net,2015-06-21 13:53:15,Chami,Subscriber,,"consectetuer adipiscing elit. Aliquam auctor, velit eget laoreet posuere, enim","Herrera, Breanna",54.0
64,Wade,Marvin,7860 Odio Ave,Vilna,38288,(156) 695-7174,,non@at,2013-11-25 23:46:50,Altavista,,,consequat enim diam vel arcu. Curabitur ut odio vel est,,61.0
65,Mays,Oliver,7925 Convallis Street,Cabano,2633,(368) 582-6071,(364) 818-5694,malesuada.augue@risus.org,2015-07-09 19:01:11,Cakewalk,Platinum,,"montes, nascetur ridiculus mus. Proin vel nisl. Quisque fringilla euismod","Mays, Oliver",-4.0
66,Richard,Ginger,"P.O. Box 738, 9105 Porttitor Av.",Saarlouis,842594,(657) 742-6707,(826) 425-3557,gravida sagittis Duis@malesuadaInteger com,2014-11-13 22:46:45,Sibelius,"Subscriber, Elite",Mr.,tincidunt aliquam arcu. Aliquam ultrices iaculis odio. Nam interdum enim,"Richard, Ginger",65.0
67,Mcdonald,Keith,"P.O. Box 335, 2482 Orci St.",Sint-Genesius-Rode,84949,(163) 407-7831,,nonsagittissemperNam.com,2014-04-20 17:04:26,Apple Systems,,,"ligula tortor, dictum eu, placerat eget, venenatis a, magna. Lorem","Mcdonald, Keith",5.0
68,Wallace,Ethan,"P.O. Box 930, 2822 Nunc Rd.",Sint-Katherina-Lombeek,64557,(422) 499-6645,,aliquam@eleifendnecmalesuada.edu,2015-01-05 00:14:20,Macromedia,,Mr.,Vestibulum ante ipsum primis in faucibus orci luctus et ultrices,,10.0
69,Merritt,Moses,"P.O. Box 297, 5314 Nec Rd.",Rachecourt,51419,(721) 423-5727,(133) 640-5059,vel.estauctor.co.uk,2013-10-06 06:24:03,Apple Systems,,,"mauris ipsum porta elit, a feugiat tellus lorem eu metus.","Merritt, Moses",17.0
70,Doyle,,574-6695 In Road,Albi,74696-822,(534) 669-8096,(477) 457-3573,morbi@nibh.co.uk,2015-07-13 06:09:09,Lavasoft,,,erat vel pede blandit congue. In scelerisque scelerisque dui. Suspendisse,"Doyle, Ezekiel",9.0
71,Joyce,Taylor,"P.O. Box 785, 4789 Felis. Rd.",Rivello,77401,(117) 158-5230,(974) 870-5720,lacinia.vitae@imperdietnon.edu,2015-07-26 16:40:13,Chami,Subscriber,,"lorem ipsum sodales purus, in molestie tortor nibh sit amet","Joyce, Taylor",10.0
72,Figueroa,Benedict,"Ap #246-3343 Ornare, Rd.",Bourges,3636,(450) 923-3518,(282) 589-1112,,2014-08-05 23:44:20,Yahoo,Elite,,dolor. Donec fringilla. Donec feugiat metus sit amet ante. Vivamus,"Figueroa, Benedict",0.0
73,Dotson,Cathleen,508-2194 Tellus. Rd.,Comblain-Fairon,90108,(767) 482-8893,(286) 780-2988,egestas lacinia Sed@enimEtiam ca,2014-10-23 12:09:11,Borland,,,diam dictum sapien. Aenean massa. Integer vitae nibh. Donec est,"Dotson, Cathleen",82.0
74,Farley,Aurelia,475-739 Viverra. Rd.,Gresham,19671-596,+1 (732) 377-3570,(837) 929-4923,,2014-08-11 17:27:49,Adobe,,,"posuere at, velit. Cras lorem lorem, luctus ut, pellentesque eget,","Farley, Aurelia",24.0
75,Summers,Octavius,"205-2117 Tempor, Street",St. Albert,60018,(807) 319-6707,(884) 611-1572,purus.mauris@metus.com,2014-01-20 11:01:18,Altavista,Trial,,in faucibus orci luctus et ultrices posuere cubilia Curae; Phasellus,"Summers, Octavius",-3.0
76,Cooley,Susan,"P.O. Box 341, 8629 Morbi Rd.",Buggenhout,5239,(817) 428-2533,(285) 248-4761,,2013-10-14 02:36:05,Google,,,libero. Proin mi. Aliquam gravida mauris ut mi. Duis risus,"Cooley, Susan",6.0
77,Lowery,Evangeline,Ap #293-5949 Blandit Av.,Swadlincote,23-246,+1 512.733.0573,,Vivamus.rhoncus@pharetra.com,2014-11-06 12:59:05,Apple Systems,,,"dis parturient montes, nascetur ridiculus mus. Donec dignissim magna a","Lowery, Evangeline",20.0
78,Sims,Desiree,5376 Euismod St.,Gagliato,4940,(918) 759-3876,(196) 824-1039,Pellentesque.tincidunt@at.co.uk,2014-10-30 01:24:17,Microsoft,,Ms.,"libero est, congue a, aliquet vel, vulputate eu, odio. Phasellus","Sims, Desiree",23.0
79,Boyd,Bernard,Ap #421-473 Dictum. Rd.,Fleurus,2667,+1 (664) 355-3555,(874) 918-2233,Donec.egestas.Duisaliquet,2014-12-25 06:38:10,Google,,Mrs.,"enim, sit amet ornare lectus justo eu arcu. Morbi sit","Boyd, Bernard",3.0
80,Hurst,Iris,"P.O. Box 980, 5891 Fringilla Ave",Pelotas,9496,+1 (682) 283-7999,(687) 143-1137,tincidunt@aliquetvelvulputate.org,2015-09-29 01:04:07,Yahoo,", Subscriber",Dr.,"nec, eleifend non, dapibus rutrum, justo. Praesent luctus. Curabitur egestas","Hurst, Iris",9.0
81,Simpson,Honorato,"P.O. Box 805, 2881 Donec Street",Zweibr�cken,31978,(799) 144-4156,(134) 933-6203,dolor.Donec.fringilla@purusDuiselementum.com,2014-06-13 22:18:08,Apple Systems,Platinum,,"sem semper erat, in consectetuer ipsum nunc id enim. Curabitur","Simpson, Honorato",27.0
82,Delaney,Erasmus,4812 Duis Rd.,Concepción,QB9W 5UY,(299) 394-3084,(303) 679-6883,ac.risus@Sedeget.net,2014-02-01 15:56:27,Chami,,,"ac metus vitae velit egestas lacinia. Sed congue, elit sed","Delaney, Erasmus",41.0
83,Holland,Justine,550-1918 Consectetuer Street,Maaseik,80968,(670) 832-1550,(852) 904-1578,Duis.dignissim@dui.co.uk,2014-04-19 16:03:06,Cakewalk,,Mrs.,eu eros. Nam consequat dolor vitae dolor. Donec fringilla. Donec,"Holland, Justine",49.0
84,Shaw,Keelie,"P.O. Box 329, 3645 Phasellus Street",Forchies-la-Marche,41606-775,(683) 698-2649,(815) 824-3554,UtNunc co uk,2015-08-05 22:08:42,Microsoft,", Platinum",,"libero. Donec consectetuer mauris id sapien. Cras dolor dolor, tempus",,97.0
85,Donovan,Hakeem,"P.O. Box 819, 9702 Lacinia St.",Hillsboro,7591JZ,(395) 930-9387,(633) 912-7544,imperdiet.ornare.In@aodiosemper.edu,2015-04-06 00:45:31,Lycos,Elite,,fringilla euismod enim. Etiam gravida molestie arcu. Sed eu nibh,"Donovan, Hakeem",30.0
86,Estrada,Lois,737-5609 Turpis. Road,Llangefni,P0K 7T3,+1 (337) 899-4490,(379) 765-3000,molestie@seddictum.com,2015-01-24 09:50:32,Cakewalk,"Platinum, ",Dr.,"lacinia at, iaculis quis, pede. Praesent eu dui. Cum sociis","Estrada, Lois",-1.0
87,Manning,Amity,"P.O. Box 952, 7151 Tortor. Av.",Uberaba,1634,(846) 988-7083,(436) 918-1474,non@tinciduntneque.net,2014-10-03 17:56:53,Macromedia,Subscriber,Ms.,"non, vestibulum nec, euismod in, dolor. Fusce feugiat. Lorem ipsum","Manning, Amity",17.0
88,Sherman,Laura,533-1293 Diam Rd.,Chatteris,72918,(597) 969-1969,(475) 934-2933,Mauris.nulla.Integer@milaciniamattis.org,2014-07-08 05:00:09,Lycos,", Elite",,"sed dui. Fusce aliquam, enim nec tempus scelerisque, lorem ipsum","Sherman, Laura",9.0
89,Robinson,Kamal,134-5538 Eros Ave,Marke,38458,(128) 374-1071,(992) 612-5565,eu.dolor@vitaediamProin.co.uk,2014-02-09 13:25:28,Google,,,"parturient montes, nascetur ridiculus mus. Donec dignissim magna a tortor.","Robinson, Kamal",14.0
90,Moses,Ella,Ap #378-5176 Cras Av.,Dollard-des-Ormeaux,T6J 6P9,(378) 438-1322,(506) 968-3458,dictum@liberoDonecconsectetuer ca,2014-10-20 10:44:45,Yahoo,Platinum,Ms.,"nostra, per inceptos hymenaeos. Mauris ut quam vel sapien imperdiet",,69.0
91,Patrick,Declan,"P.O. Box 526, 4299 Natoque Street",Caen,53970,(750) 846-8454,,cursus.et@magnaa.net,2014-07-27 06:51:45,Cakewalk,Elite,,"Cras dictum ultricies ligula. Nullam enim. Sed nulla ante, iaculis","Patrick, Declan",9.0
92,Christensen,Brandon,"P.O. Box 637, 4260 In Avenue",Conca Casale,7041,+1 (382) 610-3332,(118) 661-5806,aliquam.eu@sitamet.net,2015-03-29 10:28:55,Microsoft,Subscriber,Mrs.,"amet massa. Quisque porttitor eros nec tellus. Nunc lectus pede,","Christensen, Brandon",78.0
93,Travis,Tucker,6066 Cras Street,Termeno sulla strada del vino/Tramin an der Weinstrasse,4711,+1 (738) 839-8734,(882) 272-2562,purus@estac.org,2015-06-03 21:01:47,Altavista,Platinum,,dolor. Quisque tincidunt pede ac urna. Ut tincidunt vehicula risus.,"Travis, Tucker",106.0
94,Conrad,Yael,3390 Mauris St.,Stralsund,P7G 0Z6,(948) 369-3540,(889) 283-2314,auctor@magnaNamligula.ca,2014-01-01 14:07:17,Google,Platinum,,"Nunc ut erat. Sed nunc est, mollis non, cursus non,","Conrad, Yael",17.0
95,Foley,Wylie,489-1859 Natoque Street,Tuticorin,71617,(135) 662-3040,(468) 897-4965,,2014-10-30 08:13:13,Adobe,Elite,,Sed nec metus facilisis lorem tristique aliquet. Phasellus fermentum convallis,"Foley, Wylie",26.0
96,Park,Moses,Ap #588-654 Tortor Ave,Vremde,74-829,(467) 929-7164,(151) 668-6056,posuere.cubilia.Curae@rutrumjusto.org,2014-03-10 01:48:17,Adobe,Trial,,Nulla eu neque pellentesque massa lobortis ultrices. Vivamus rhoncus. Donec,"Park, Moses",19.0
97,Morales,Aretha,"P.O. Box 131, 4120 Laoreet St.",Humbeek,06149,+1 (395) 903-1509,(290) 723-9093,,2014-04-13 22:47:24,Cakewalk,", Subscriber",Dr.,sapien. Nunc pulvinar arcu et pede. Nunc sed orci lobortis,"Morales, Aretha",19.0
98,Holland,John,"P.O. Box 603, 7457 Duis Ave",Grezzana,X28 2XH,(355) 535-9406,NULL,parturient.montes.nascetur@magna.edu,2015-06-11 09:59:53,Sibelius,"Subscriber, Trial",,odio. Phasellus at augue id ante dictum cursus. Nunc mauris,"Holland, John",-24.0
99,Castaneda,Lani,7609 Magna St.,Fort William,27-320,(890) 184-7685,(293) 192-9500,Donec@velitSed ca,2014-11-25 05:17:08,Cakewalk,Elite,,non dui nec urna suscipit nonummy. Fusce fermentum fermentum arcu.,"Castaneda, Lani",9.0
100,Hayes,Kelly,6980 Sem St.,Paris,87748,(742) 129-4078,,eget.ipsum@Nullamsuscipitest.edu,2015-01-14 23:32:25,Varius Ultrices Institute,,,"at, nisi. Cum sociis natoque penatibus et magnis","Hayes, S. Kelly",-1.0
101,Moody,Justin,Ap #577-2350 Porta Ave,Brechin,06371-882,(447) 958-0787,(825) 508-9826,luctus.aliquet.odio@facilisis.org,2014-09-27 17:42:15,Orci Consectetuer Euismod Limited,"Platinum, Trial",Dr.,Sed auctor,"Moody, Justin",51.0
102,Estrada,Yael,"P.O. Box 830, 5999 Commodo Avenue",Savannah,O7A 0IF,(474) 363-9888,(186) 338-5583,neque sed dictum@purus ca,2013-11-21 23:08:46,Gravida Aliquam Tincidunt Institute,,Mr.,ultrices. Duis volutpat nunc sit amet metus. Aliquam erat,"Estrada, F. Yael",14.0
103,Burch,Athena,"P.O. Box 599, 5514 Nisl St.",Laives/Leifers,59899,+1 (532) 433-7387,,ante@Morbiquis.ca,2014-01-29 02:48:55,Faucibus Morbi LLP,Elite,Ms.,"lacus. Nulla tincidunt, neque vitae semper egestas,","Burch, Athena",7.0
104,Fletcher,Quinn,Ap #981-7726 Amet Road,Alva,434558,(938) 274-2556,,magna.Suspendisse.tristique@semperet.net,2014-03-29 08:52:27,Sit Corporation,"Elite, Subscriber",Mr.,"vestibulum, neque sed dictum","Fletcher, Quinn",66.0
105,Savage,Vivian,"P.O. Box 494, 2858 Arcu Road",W�rzburg,29743,(880) 449-2442,(246) 214-2660,,2014-01-06 17:33:06,Cubilia Limited,"Trial, Elite",Ms.,sed libero. Proin,"Savage, J. Vivian",9.0
106,Wooten,Sade,193-4020 Nec Street,Houtain-le-Val,831177,(390) 219-9595,,odio a@a com,2015-08-04 03:11:48,Penatibus Et Magnis Associates,"Subscriber, Platinum",,nisi,"Wooten, V. Sade",18.0
107,Barr,Micah,"P.O. Box 637, 6687 Lobortis Street",Tribogna,87845,(793) 539-1161,(389) 588-9694,,2014-03-04 12:37:10,Orci Ut Limited,,Ms.,"odio a purus. Duis elementum, dui quis accumsan","Barr, Z. Micah",5.0
108,Buck,Caleb,Ap #518-8827 Eget Avenue,San Giacomo degli Schiavoni,21712,(995) 518-5337,(968) 194-5494,Nunc@accumsan edu,2014-11-04 07:36:34,Nonummy Ac Feugiat Industries,,Mrs.,habitant morbi tristique senectus et netus et,"Buck, Caleb",12.0
109,Mcfarland,,"P.O. Box 283, 1790 Semper Av.",Snaaskerke,47784,(136) 458-2203,(775) 631-1543,Morbi.vehicula@molestiein.edu,2015-04-09 08:59:40,Ipsum Institute,Trial,,"sem, vitae","Mcfarland, Xerxes",15.0
110,Buckner,Charity,"P.O. Box 586, 5894 Egestas Street",Beausejour,7816,(863) 601-2157,(448) 146-3308,orciinfaucibusorci net,2013-12-30 21:06:47,Vel LLC,,Mrs.,Aenean eget metus. In nec orci. Donec nibh.,"Buckner, A. Charity",76.0
111,Edwards,Dacey,Ap #510-3453 Tristique St.,Doues,24555-020,(869) 531-8465,,velit.eu@sitametorci.ca,2014-12-15 09:33:58,Malesuada Vel Convallis Corporation,Platinum,,"ac facilisis facilisis, magna tellus faucibus","Edwards, Z. Dacey",74.0
112,Hendrix,Martha,"646-8814 Felis, Rd.",Rocca di Cambio,5471,934.153.1895,(530) 111-8396,purus Duis elementum@elitNulla org,2015-01-28 14:26:41,Purus In Molestie LLP,Elite,Mr.,"est ac mattis semper, dui lectus rutrum urna,","Hendrix, A. Martha",22.0
113,Merrill,Kato,355-6844 Quisque Rd.,Castel Colonna,565643,(134) 463-4746,(141) 354-4935,diam nunc ullamcorper@Phasellusvitae net,2014-04-01 16:10:30,Class Associates,Platinum,Ms.,dui lectus rutrum,"Merrill, G. Kato",19.0
114,Manning,Willow,Ap #370-9505 A Rd.,Sovizzo,1561,(270) 184-0633,(169) 359-5239,rhoncus.Proin.nislnullaIntincidunt.net,2013-11-23 06:48:24,Vestibulum Mauris Industries,Subscriber,Ms.,blandit,"Manning, N. Willow",43.0
115,Richardson,Vaughan,"P.O. Box 896, 6641 Aliquam Rd.",Torno,7124,(658) 106-8608,(207) 194-1842,elit.fermentum.risus@elit.net,2015-02-28 08:20:47,Tellus Eu Corp.,,Mrs.,"mi lacinia mattis. Integer eu lacus. Quisque imperdiet, erat nonummy","Richardson, Vaughan",8.0
116,Blair,Boris,505 In Road,K�then,9736,(954) 308-0729,(345) 467-0946,est@vitae.net,2013-11-09 17:33:49,Blandit Congue In Institute,,Dr.,"mi lorem, vehicula et, rutrum","Blair, A. Boris",15.0
117,Rollins,Sierra,"P.O. Box 736, 8822 Leo. Rd.",Leiden,485717,(148) 845-7672,(649) 483-3374,,2014-06-03 17:08:41,Eu Tellus Eu Industries,"Platinum, Subscriber",,nonummy.,"Rollins, G. Sierra",45.0
118,Wagner,Jesse,"P.O. Box 763, 431 A, Avenue",Kolkata,5038QA,(476) 865-3186,(808) 906-9118,ante@Duiselementum.net,2015-05-07 09:04:05,Dui LLC,Trial,Mrs.,"eu erat semper rutrum. Fusce dolor quam, elementum at,","Wagner, Jesse",27.0
119,Ford,Cassandra,"P.O. Box 911, 1730 Et, St.",Sylvan Lake,8854,(698) 338-9581,(579) 725-3457,Duis@vulputateposuere,2015-07-25 14:54:32,Etiam Bibendum Company,Subscriber,Mr.,fringilla cursus purus. Nullam scelerisque neque,"Ford, Z. Cassandra",35.0
120,Gibson,Zeph,9114 Quam Avenue,Anthisnes,43938,(211) 569-3666,(955) 190-1860,turpis@orcitincidunt.co.uk,2013-11-02 21:46:59,Duis Mi Associates,,Mr.,"nec,",,31.0
121,Hester,Carlos,452-4102 Sed Rd.,Gelbressee,F1 9HS,(720) 257-5248,(936) 566-0706,et.arcu.imperdiet@idblandit.net,2015-05-16 13:26:16,Felis Orci Adipiscing Ltd,,Dr.,nec urna suscipit nonummy. Fusce fermentum fermentum arcu. Vestibulum ante,"Hester, D. Carlos",17.0
122,Mcguire,Marsden,"9635 Amet, Rd.",Recanati,40308,632.805.7894,(242) 917-1730,nec tempus scelerisque@aliquet co uk,2014-09-28 20:25:09,Mauris Consulting,"Elite, Platinum",Mrs.,ac metus vitae velit egestas,"Mcguire, Marsden",15.0
123,Moody,Aphrodite,Ap #756-3767 Semper St.,Avernas-le-Bauduin,46725-128,(367) 998-7149,,estduinec,2014-09-25 19:03:11,Orci Consectetuer Euismod PC,,Dr.,arcu eu odio tristique pharetra.,"Moody, Aphrodite",56.0
124,Byrd,Cynthia,"P.O. Box 935, 1225 Convallis, St.",Greenlaw,2448,(887) 667-2380,(460) 644-4242,elit sed@ullamcorpereu co uk,2015-01-31 01:43:20,In Ltd,Trial,Mrs.,ac ipsum. Phasellus vitae mauris sit,"Byrd, R. Cynthia",64.0
125,Montgomery,Jack,864-6225 Sit Rd.,Cawdor,6080TD,(687) 875-6870,(437) 702-9753,vulputate@Inlorem,2014-04-09 08:55:04,Sagittis Felis Corporation,"Subscriber, Trial",Ms.,non,"Montgomery, N. Jack",9.0
126,Hays,Armando,9864 Donec Street,Armidale,20888-230,(888) 919-4756,,lobortis.tellus.justo@et.ca,2013-11-13 22:51:49,Ligula Nullam Enim Limited,"Subscriber, Elite",Mr.,Aliquam fringilla,"Hays, Armando",39.0
127,Neal,Macon,629-3218 Vitae Av.,Castel Maggiore,258266,(890) 734-8895,,ligula.eu.enimpharetraut.com,2014-09-30 10:22:49,Dictum Sapien Industries,"Trial, Platinum",,"quam, elementum","Neal, Macon",12.0
128,Knowles,McKenzie,Ap #355-1272 Ac Rd.,Eernegem,69700,(276) 213-0180,(904) 387-9801,sodales@luctus,2014-05-07 15:20:30,Eu Euismod Institute,Platinum,Mr.,Duis mi,"Knowles, McKenzie",30.0
129,Payne,Suki,"P.O. Box 346, 9377 Enim. St.",Laramie,47439-536,+1 (405) 798-7093,(195) 576-1626,sem ut cursus@maurisblandit com,2014-05-18 19:55:38,Ullamcorper Viverra Company,,,"elit, pretium et, rutrum non,","Payne, Suki",50.0
130,Duke,Athena,1892 Sed Rd.,Spoleto,4835UJ,(561) 813-6362,(579) 576-5416,sagittis.semper.Nam@auguemalesuada.net,2015-01-05 19:54:51,Sagittis Nullam Vitae Limited,,Dr.,ridiculus mus. Donec dignissim magna a tortor.,"Duke, Athena",137.0
131,Cooper,Dorian,346-1721 Orci. Rd.,Turriaco,9153,880.600.5229,(641) 543-8013,,2015-09-16 06:49:36,Leo Morbi Incorporated,Platinum,Mr.,"dui augue eu tellus. Phasellus elit pede, malesuada vel, venenatis","Cooper, N. Dorian",102.0
132,Kelly,Quin,172-4455 Sed Rd.,Jundiaí,2638,(720) 872-8634,(942) 443-1222,Cras.pellentesque.Sed@accumsaninterdumlibero.com,2014-10-13 16:27:29,Pellentesque Company,Trial,Mr.,"imperdiet ullamcorper. Duis at lacus. Quisque purus sapien, gravida","Kelly, G. Quin",51.0
133,Maddox,Laith,202-3996 Magna Avenue,St. Paul,5077,(876) 661-6179,(467) 821-5580,ac fermentum vel@imperdietdictummagna co uk,2014-07-11 18:04:13,Et Tristique Pellentesque Industries,Subscriber,Mr.,"laoreet, libero et","Maddox, Y. Laith",15.0
134,Sexton,Laura,"P.O. Box 825, 9870 Praesent St.",Overland Park,8325,(254) 873-5816,(999) 435-1552,in.magnaFuscemollis.co.uk,2014-07-30 10:17:29,Nullam LLC,Platinum,Mr.,"eu, euismod ac, fermentum vel,","Sexton, Laura",1.0
135,Wall,Lucius,828-1239 Hendrerit Rd.,Itzehoe,82085,(827) 290-0373,,nec.diam@tristique.com,2014-10-26 18:37:22,Sodales Elit Ltd,"Platinum, Elite",Dr.,"diam. Duis mi enim, condimentum eget,","Wall, Lucius",96.0
136,Malone,Elliott,4373 Risus. Street,Penzance,66981-370,+1 (254) 540-0132,(457) 647-5855,in.faucibus.orci@Sednullaante.org,2014-03-07 00:03:28,Lobortis Augue Incorporated,Elite,,"nunc est, mollis","Malone, X. Elliott",16.0
137,Hunt,Alec,Ap #973-6916 Placerat. Street,Mosciano Sant'Angelo,P0P 1W7,(837) 522-9699,,sit@atfringilla.ca,2015-10-06 22:32:01,Massa Limited,,Ms.,"odio a purus. Duis elementum, dui quis accumsan convallis, ante",,33.0
138,Cohen,Moses,995-5530 Quam Street,Ponoka,92665,(553) 564-3830,NULL,mollis.non@montesnascetur.co.uk,2014-09-28 03:55:48,Consequat Incorporated,"Trial, Subscriber",Mrs.,ante ipsum primis in faucibus orci,"Cohen, Moses",19.0
139,Jenkins,Isabella,Ap #533-5316 Commodo St.,Jalgaon,300469,(791) 765-6089,(465) 365-3329,Class.aptent.taciti@porttitortellus.ca,2014-06-04 19:22:03,Luctus Ipsum Leo Limited,"Subscriber, Trial",,volutpat nunc sit amet,"Jenkins, B. Isabella",8.0
140,Burke,Gemma,Ap #970-8404 Et Avenue,Bon Accord,7956,(943) 114-7039,(925) 895-9803,Aeneanin.ca,2014-10-02 03:50:20,Sed Turpis Associates,Platinum,Ms.,"magna, malesuada vel, convallis in, cursus","Burke, Gemma",48.0
141,Hernandez,Robin,1084 Dolor. Road,Castel Volturno,793784,(960) 882-7841,(618) 996-3308,blandit@sit com,2014-05-16 00:41:21,Eu Turpis Nulla Incorporated,"Elite, Subscriber",Mrs.,"sed dictum eleifend, nunc risus varius orci, in consequat enim","Hernandez, Q. Robin",13.0
142,Boyd,Laurel,9510 Ut Ave,Anchorage,04890,(902) 556-8914,(977) 634-5722,eu.nulla.at@interdum,2014-11-04 22:13:12,Duis Limited,"Trial, Elite",Ms.,Phasellus,"Boyd, Laurel",33.0
143,Harrell,Eagan,"P.O. Box 674, 310 Quis St.",Tribogna,9990,(614) 819-2845,(727) 772-2548,dui semper etnecurna org,2014-11-13 06:35:57,Urna Nec Limited,"Subscriber, Platinum",Ms.,"id, blandit at,","Harrell, Eagan",4.0
144,Allen,Raphael,166-9126 Cubilia Ave,Muzaffarnagar,7243,+1 (543) 668-3911,,Quisque@arcuSedet,2014-06-27 03:09:26,Neque LLP,Elite,Ms.,Quisque porttitor eros nec tellus.,"Allen, Raphael",28.0
145,Berg,Aaron,"Ap #107-8176 In, St.",Buzet,77298,601.352.0516,(102) 256-7326,,2015-07-18 08:02:44,Pede LLP,Subscriber,,vitae purus gravida sagittis. Duis gravida. Praesent,"Berg, K. Aaron",33.0
146,Steele,Gemma,"P.O. Box 758, 6479 Nunc Rd.",San Francisco,96296,(610) 409-5343,,quam a felis@fringillaornareplacerat co uk,2015-05-01 04:34:25,Sit Foundation,"Elite, Trial",,massa,"Steele, O. Gemma",8.0
147,Chang,Solomon,"P.O. Box 874, 2954 Ipsum Street",Boston,30903,(719) 768-4119,(447) 125-5222,scelerisque.scelerisque@sempercursusInteger.co.uk,2014-02-08 04:16:56,Euismod Incorporated,Trial,Ms.,"facilisis, magna tellus","Chang, Solomon",10.0
148,Burgess,,563-861 Ac Av.,Bihar Sharif,99698-973,(845) 642-3381,(414) 784-6787,blandit.mattis.Cras@ultricesVivamusrhoncus.net,2014-07-07 05:52:46,Sit Amet Ante Inc.,Trial,Ms.,"sed dictum eleifend,","Burgess, Dana",8.0
149,Ramos,Bree,"P.O. Box 676, 5192 Tempus Rd.",San Francisco,72881,188.431.1705,(198) 739-6857,lectus@arcu.edu,2015-08-22 11:47:14,Metus Facilisis Limited,"Elite, Subscriber",Mrs.,"Aliquam tincidunt, nunc ac mattis","Ramos, Bree",-29.0
150,Mills,Hedda,Ap #163-7521 Metus St.,Ashburton,47346,212.824.0231,(101) 787-8435,habitant morbi tristique@idantedictum edu,2015-05-20 07:26:57,Nunc LLP,"Platinum, Elite",Ms.,Cras,"Mills, Hedda",52.0
151,Noel,Nelle,260-9395 Eleifend. Road,Newquay,6245SJ,(678) 567-9144,,diam.Proin.dolornonummy.net,2014-10-27 08:02:50,Cursus A Inc.,Trial,Mr.,lobortis.,"Noel, F. Nelle",-9.0
152,Lawrence,Blaze,179-3818 Nulla Rd.,Itanagar,4408,(104) 520-4514,,quam.quis.diam@euismod.co.uk,2014-10-26 22:06:08,Tristique Aliquet Phasellus Corporation,Elite,Mr.,enim commodo hendrerit. Donec porttitor tellus non magna. Nam ligula,"Lawrence, Blaze",17.0
153,Pickett,Moses,765-2690 Cras St.,Burnaby,8293LK,(630) 496-0043,(205) 638-4511,vitae@ametfaucibusut.ca,2015-05-05 09:26:06,Lacus Nulla Tincidunt Consulting,,Ms.,lacus. Aliquam rutrum lorem ac risus. Morbi metus. Vivamus,"Pickett, Y. Moses",86.0
154,Sims,Maggy,1106 Penatibus Av.,Albagiara,95694,+1 (845) 680-9815,(123) 516-4058,,2014-11-04 07:51:12,In Sodales PC,Platinum,Ms.,"mattis ornare, lectus ante dictum","Sims, T. Maggy",52.0
155,Simmons,Xenos,3480 Volutpat. St.,Weesp,66143,(192) 820-5407,(737) 795-9674,non.bibendum.sed@ligulaeuenim.co.uk,2014-12-21 00:02:40,Eu Institute,"Trial, Elite",Mr.,"Quisque libero lacus, varius et, euismod et, commodo","Simmons, L. Xenos",35.0
156,Nguyen,Josephine,"P.O. Box 239, 3945 Tellus St.",Carunchio,1243,(574) 585-6835,(994) 793-3792,,2015-01-24 10:03:05,Non Leo Vivamus PC,"Trial, Subscriber",Mr.,"neque. In ornare sagittis felis. Donec tempor, est ac","Nguyen, Josephine",-11.0
157,Foster,Garrett,826-7588 Ligula. St.,Glovertown,1231,454.233.8019,(524) 554-7704,,2014-11-20 02:44:42,Eget Nisi Dictum Limited,,,velit.,"Foster, Garrett",25.0
158,Leblanc,Marsden,7629 Ligula. Ave,Regina,09-872,+1 (729) 321-1697,(242) 473-6848,Aenean.eget.magna@convalliserat.org,2014-04-28 01:01:37,Justo LLC,,Dr.,aliquet,"Leblanc, Marsden",5.0
159,Livingston,Carly,111-3612 Nunc Avenue,Fort Smith,928938,(370) 382-1833,,,2015-01-22 13:33:53,Aliquam Iaculis Lacus Ltd,,Mr.,et magnis dis,"Livingston, Carly",5.0
160,Bullock,Amena,"P.O. Box 247, 7239 Sit Avenue",Pointe-Claire,5357,(831) 995-9550,(872) 605-1373,ornare@malesuadaut com,2014-06-25 16:24:04,Gravida Praesent Eu PC,Platinum,Mrs.,elit.,"Bullock, Amena",6.0
161,Wilder,,Ap #418-4437 Lorem Avenue,Jonesboro,9173,(790) 947-3985,(532) 826-9699,Phasellus@Donecporttitortellus ca,2014-06-11 15:42:56,Enim Mi Tempor Consulting,"Trial, Elite",Dr.,ut nisi a,,12.0
162,Watts,Donna,"P.O. Box 452, 8036 Elementum Rd.",Höchst,71906,(902) 544-5357,(752) 747-1267,nibh Donec est@odio edu,2013-12-02 04:43:30,Aliquam Rutrum Limited,"Platinum, Elite",Mr.,"vulputate, nisi sem semper erat, in consectetuer","Watts, Z. Donna",50.0
163,Blake,Sasha,805-4322 Tellus St.,Chambave,51-527,(393) 593-8767,(619) 594-6170,eget.variuslectuspedeet.com,2014-08-03 13:07:15,Volutpat LLP,Platinum,Dr.,sapien imperdiet ornare. In faucibus. Morbi,"Blake, Sasha",17.0
164,Paul,Ursa,"2681 Pellentesque, St.",Port Coquitlam,8696,(617) 114-3905,(608) 716-4843,blandit.enim.consequat@convallisest.edu,2014-05-22 16:20:17,Pede Praesent Eu Institute,Trial,Mrs.,"nunc risus varius orci, in consequat","Paul, J. Ursa",16.0
165,Short,Hammett,"P.O. Box 259, 5631 Nisi St.",North Las Vegas,758201,(990) 702-9694,(269) 731-5107,egestas@eros co uk,2015-07-22 07:41:09,Semper Inc.,,Dr.,Aliquam,"Short, X. Hammett",74.0
166,Burgess,Ashely,331-7534 Pede. Avenue,Perpignan,40164,(560) 682-2083,NULL,elit.sed@mollis.ca,2014-07-19 07:23:49,Odio Etiam Corporation,,Mrs.,ipsum primis in faucibus orci luctus et ultrices posuere,"Burgess, F. Ashely",8.0
167,Knight,,471-6873 Proin Road,Bierk Bierghes,J1N 3Y0,582.432.0235,NULL,turpis@PraesentluctusCurabitur.ca,2014-01-18 06:35:20,Nostra Per Inceptos Institute,,Mr.,aliquet odio. Etiam ligula,"Knight, V. Calista",16.0
168,Rios,Ina,"Ap #903-3027 Ut, Avenue",Kalken,5915,(122) 785-0764,(672) 910-6237,sociis natoque@scelerisquemollisPhasellus net,2014-09-18 03:31:46,Donec Foundation,Elite,Dr.,aliquet. Proin velit. Sed,"Rios, N. Ina",22.0
169,Kidd,Lacy,844-6417 Feugiat St.,Akron,92595,(969) 707-5915,,laoreet.posuere.enim@posuereenim.net,2014-07-27 02:10:22,Iaculis Nec Corporation,,Mr.,a felis ullamcorper viverra. Maecenas iaculis aliquet diam. Sed,"Kidd, Lacy",11.0
170,Whitley,Kasimir,3516 Aliquet Road,Midlands,26-225,(195) 986-9123,,lectus.pede.etProinsedturpis.edu,2014-03-18 17:55:07,Tempus Eu Corp.,Platinum,Ms.,"est tempor bibendum. Donec felis orci, adipiscing non, luctus sit","Whitley, A. Kasimir",32.0
171,Page,Desirae,"4700 Lobortis, Ave",Tiel,61401,439.904.8647,,accumsan.nequeQuisquefringilla.net,2014-10-22 18:14:16,Et Libero Proin Corp.,Trial,Ms.,"auctor, velit eget laoreet posuere, enim nisl elementum purus, accumsan","Page, Desirae",15.0
172,Key,Ivor,"P.O. Box 934, 8329 In Rd.",Columbus,02-016,770.174.3306,(420) 255-2605,semper Namest edu,2014-02-19 11:35:43,Integer Id Magna Industries,"Subscriber, Elite",,"purus. Duis elementum, dui quis accumsan","Key, Ivor",4.0
173,Morrow,Cody,6692 Lectus St.,Kulti-Barakar,8856CL,(141) 437-7515,(264) 942-4602,elementum.lorem@arcuMorbisit.com,2013-11-02 20:17:31,Odio Vel Institute,,,adipiscing ligula. Aenean gravida nunc sed,"Morrow, E. Cody",7.0
174,Palmer,Suki,Ap #257-2298 Sit Ave,Profondeville,VN30 3MJ,(958) 572-8851,(416) 579-7989,consectetuer.ipsum@dapibus.co.uk,2013-11-29 19:44:50,Hendrerit PC,"Platinum, Elite",Mrs.,metus,"Palmer, Suki",14.0
175,Dean,Seth,8314 Quis St.,Annapolis County,86158-919,(532) 717-0197,(210) 555-6222,id.mollis.nec@dictumeleifend.com,2014-05-26 10:16:50,Nunc Inc.,"Platinum, Elite",Mr.,arcu. Vivamus sit amet risus. Donec egestas. Aliquam,"Dean, Seth",4.0
176,Lott,Josiah,Ap #856-7208 Aliquam Av.,Poznań,19847,(687) 625-8686,(528) 634-7503,diam.vel.arcu@eu,2014-07-08 11:13:36,Nulla Company,,Mrs.,Donec luctus aliquet,"Lott, Josiah",70.0
177,Moses,,144-9155 Consequat Ave,Tullibody,23390,+1 (181) 549-6454,(128) 638-9199,nunc id enim@mauris com,2014-11-19 02:04:46,Lacus Industries,"Subscriber, Platinum",Mrs.,"fermentum risus,","Moses, Keaton",46.0
178,Mason,Farrah,Ap #265-2303 Accumsan St.,Hamilton,24040,(329) 387-3268,(897) 936-2485,interdum.Curabitur.dictumvitae.edu,2015-09-13 17:31:56,Consectetuer Ltd,,Ms.,Sed,"Mason, X. Farrah",112.0
179,Cobb,,146-5436 Aliquam Ave,Waterbury,S8R 2V4,(540) 478-5313,(952) 356-3655,,2015-09-20 06:34:44,Convallis LLP,"Trial, Elite",,"a,","Cobb, Lunea",10.0
180,Herman,Lareina,Ap #157-5454 Lectus St.,Akron,11717-332,(228) 245-1391,(364) 807-7248,fringilla cursus@diamDuis edu,2015-06-14 22:53:06,Ultrices Mauris Ipsum PC,Elite,Dr.,massa,"Herman, Lareina",10.0
181,Crosby,Kaitlin,Ap #304-438 Nec Rd.,Vejano,40010,(682) 195-1533,(556) 633-2327,Pellentesque tincidunt tempus@variusNamporttitor com,2014-10-10 22:49:25,Morbi Corporation,,Mrs.,"leo elementum sem, vitae aliquam eros turpis","Crosby, Kaitlin",16.0
182,Bass,Moses,9777 Dolor Rd.,Caprauna,79761-581,(164) 954-3545,(265) 503-0778,etCrasloremlorem.net,2014-09-07 21:17:25,Turpis Nec Mauris Company,"Elite, Trial",Mr.,dui augue eu tellus. Phasellus elit,"Bass, Moses",14.0
183,Bates,Moses,Ap #437-6141 Magna St.,Freiburg,70603,(154) 374-5389,(863) 153-4244,nec ligula@nequeseddictum ca,2015-04-08 20:08:03,Cursus Consulting,Elite,Mrs.,"convallis in, cursus et, eros. Proin ultrices. Duis volutpat","Bates, S. Moses",9.0
184,House,Upton,Ap #181-9544 Dapibus Street,Ofena,L5X 5X6,681.456.3627,,mi.Aliquam@pretiumaliquet.edu,2014-08-23 10:31:07,Faucibus Id Libero LLP,Elite,Mr.,ridiculus mus. Proin vel nisl. Quisque,,5.0
185,Bowen,Kylynn,4262 Phasellus Rd.,Recco,54103,+1 (100) 159-0023,(286) 278-9632,diam Sed diamAliquamauctor edu,2015-06-11 06:47:35,Semper Inc.,,Mrs.,sed turpis nec mauris blandit mattis. Cras eget,"Bowen, D. Kylynn",19.0
186,Dixon,Fallon,402-370 Fermentum Rd.,Kingston,157963,(808) 542-8374,(755) 635-4538,odio Etiam@lobortis org,2014-02-15 02:03:25,Bibendum Fermentum LLC,"Trial, Elite",Mrs.,fringilla purus mauris,"Dixon, W. Fallon",14.0
187,Howell,Coby,"8077 Ac, St.",San Jose,20315,(917) 563-3321,,,2014-04-25 20:54:14,Velit Dui Semper Foundation,,Mr.,"lorem ut aliquam iaculis,","Howell, Coby",18.0
188,Golden,Kerry,"P.O. Box 479, 8096 Iaculis St.",Baie-d'Urf?,5353JX,(484) 745-9813,(167) 318-0887,elit.Nulla@Integer.ca,2014-07-23 12:52:52,Nullam Nisl Maecenas Ltd,,Mrs.,"risus, at fringilla purus mauris a nunc. In at","Golden, V. Kerry",6.0
189,Montoya,Abra,"Ap #409-9379 Pede, St.",Gooik,72278,(123) 701-6992,(991) 647-9820,non.quam@augueut.net,2014-10-29 20:35:16,Donec Egestas Corp.,Platinum,Mrs.,sit amet ornare lectus justo eu arcu.,"Montoya, Abra",2.0
190,Lara,Moses,"P.O. Box 602, 3420 Felis, St.",Erie,61514,281.151.9782,,nisl@mauris,2015-02-08 01:42:56,Augue Id Ante Incorporated,"Platinum, Elite",Mrs.,euismod mauris eu elit. Nulla facilisi.,"Lara, A. Moses",11.0
191,White,Alea,"315-5025 Nec, Av.",Umbertide,3473,(847) 742-4578,(378) 272-3215,neque@montesnascetur.com,2014-03-26 16:30:25,Donec Institute,,,ullamcorper. Duis,"White, Alea",26.0
192,Goff,Maxine,9857 Tempor Rd.,Aylmer,9448,(807) 331-1902,(365) 387-5795,at@faucibus ca,2014-01-20 14:05:07,Tempor Bibendum Donec Corp.,"Elite, Trial",Mrs.,Donec vitae erat vel pede blandit congue. In scelerisque scelerisque,"Goff, L. Maxine",46.0
193,Ward,Illiana,Ap #673-7351 Cras Road,Tirrases,548567,(765) 445-4699,(512) 218-2052,orci.quis@Proinnislsem.edu,2014-06-19 07:12:12,Sodales PC,"Elite, Subscriber",Mrs.,"quam, elementum","Ward, Illiana",64.0
194,Barry,Jesse,931-4165 Lacinia St.,Laramie,72284,(185) 396-6404,(871) 489-7962,hendrerit.Donec.porttitor@Nunc.net,2014-07-24 04:02:51,Tellus Company,Trial,Mrs.,ultricies,"Barry, O. Jesse",1.0
195,Langley,Zena,4599 Ac Street,Nuragus,G4F 9MH,(297) 308-1624,(798) 858-8237,ac@dignissimtemporarcu.org,2014-10-25 14:33:19,Velit Aliquam Nisl PC,Elite,Dr.,"sem mollis dui, in sodales elit erat vitae risus.","Langley, Zena",4.0
196,Herman,Whilemina,"P.O. Box 539, 3899 Arcu. Ave",Güssing,07-480,(539) 994-8929,(209) 814-8588,eget.metus@convallisdolor.ca,2014-07-13 06:10:11,Primis In Inc.,,,"vel, venenatis vel, faucibus","Herman, Whilemina",2.0
197,Reese,Finn,Ap #441-7794 Pellentesque. Ave,Kelso,84773,(263) 902-8642,(202) 110-5976,egetnon co uk,2015-06-01 22:47:38,Sem Egestas Blandit Institute,,Dr.,Nam,"Reese, Finn",36.0
198,Perez,Jonas,"P.O. Box 786, 7145 Amet St.",Saint-Eug?ne-de-Ladri?re,40402,(597) 800-0985,(683) 368-6020,rutrum@nonlobortisquis.ca,2013-12-14 20:27:39,Magnis Foundation,"Subscriber, Trial",Ms.,velit. Aliquam nisl. Nulla eu neque,"Perez, L. Jonas",13.0
199,Barnes,Shaeleigh,"P.O. Box 299, 831 Nunc Av.",Portland,J3G 9G3,(597) 766-0530,(726) 707-4394,In@nislarcu net,2014-04-21 16:14:09,Scelerisque Sed Limited,"Elite, Platinum",Ms.,convallis dolor. Quisque tincidunt pede,"Barnes, Shaeleigh",-12.0
200,Ava,Savage,"P.O. Box 103, 5843 Odio, St.",Waret-l'Ev�que,8535,1-314-585-2722,,,2014-04-22 06:14:07,Eu Consulting,Platinum,,aliquet molestie,"Ava, Savage",51.0
201,Howard,Shaffer,Ap #572-8516 Risus. Street,Posina,B3K 5G2,1.138.765.1496,1-289-915-7281,Mauris@afacilisis.com,2015-07-20 03:48:19,Curabitur Vel Lectus Consulting,"Subscriber, Trial",Mrs.,"dolor, tempus non, lacinia at, iaculis","Howard, F. Shaffer",-7.0
202,Ifeoma,Dillard,979-7019 Tincidunt Av.,Pont-Saint-Martin,1132RV,1-169-869-8700,1-198-106-2411,eu.metus.In@Sed.co.uk,2013-12-04 00:28:56,Duis Risus Odio Limited,,Mrs.,taciti sociosqu ad,"Ifeoma, V. Dillard",106.0
203,Rhona,Blake,751-437 Pellentesque Avenue,Folx-les-Caves,714617,577-5631,NULL,fermentum risus at@vestibulumlorem co uk,2014-08-05 20:45:04,Mollis Nec Incorporated,,Ms.,a sollicitudin orci sem eget massa. Suspendisse eleifend.,"Rhona, S. Blake",5.0
204,Francesca,Perez,9038 Commodo Ave,Baunatal,08315,1-246-133-6241,1-611-252-9267,,2014-07-27 02:18:56,Lorem Limited,,Mr.,"ultricies ligula. Nullam enim. Sed nulla ante, iaculis","Francesca, Perez",42.0
205,Raja,Dixon,"978-8846 Elit, Av.",Valera Fratta,G0R 7X0,1-214-338-5282,NULL,Maurisrisus.edu,2014-01-02 22:15:38,Cursus Vestibulum Corp.,,Mrs.,eu dolor egestas rhoncus. Proin,"Raja, W. Dixon",13.0
206,Gemma,Snyder,6614 Curabitur Rd.,Heinsch,N1Z 4A6,1-179-219-6590,NULL,nec ante@lobortis ca,2015-01-07 00:11:15,Elit Erat Ltd,,Dr.,arcu.,"Gemma, J. Snyder",12.0
207,Deborah,Holder,9648 Molestie Street,Fréjus,508568,987-8158,,a@euligulaAenean.ca,2015-07-19 14:21:31,Cubilia Curae; Corp.,,Dr.,mi. Duis risus,"Deborah, U. Holder",55.0
208,Jasper,Finley,928-752 Felis. Ave,Allentown,R1J 2Z6,1-514-577-9396,1-236-435-6898,nostra.per@acmattisvelit.org,2014-08-15 04:21:44,Ipsum LLP,Subscriber,,arcu. Sed et,"Jasper, H. Finley",12.0
209,Keefe,Gaines,717-6830 Erat Rd.,Ełk,1219,865-4937,,tellus.Suspendisse@orciconsectetuer.com,2013-10-21 07:11:02,Lobortis Nisi Industries,Subscriber,Dr.,cursus vestibulum. Mauris magna. Duis dignissim,"Keefe, S. Gaines",6.0
210,Elliott,Goodwin,Ap #237-2310 Magna. Rd.,Brye,9259,1-546-982-6007,,ultriciesmaurissagittisplacerat.com,2015-08-13 08:12:14,Risus Varius Orci PC,Platinum,,risus. Nulla eget metus,"Elliott, Goodwin",72.0
211,Odette,Jacobson,"6160 Et, St.",Kawawachikamach,72939,229-4449,1-181-602-7081,,2015-05-20 15:43:33,At Industries,,Mr.,sapien imperdiet,"Odette, I. Jacobson",24.0
212,Kadeem,Stanley,631-7676 Sit Street,Cagliari,950106,899-0144,1-461-776-2280,idegestas edu,2014-07-22 13:26:36,Dis Parturient Industries,"Subscriber, Platinum",Mr.,lobortis,"Kadeem, B. Stanley",80.0
213,Octavius,Lopez,Ap #469-2479 Sollicitudin Rd.,Baarle-Hertog,955649,+1 438-9774,NULL,,2013-12-11 16:48:42,Amet Orci Ut PC,Platinum,Mr.,eget massa. Suspendisse eleifend. Cras sed leo.,"Octavius, Z. Lopez",-14.0
214,Shelly,Walker,"P.O. Box 339, 9479 Metus. Ave",Rouvroy,6039,759-6647,1-171-547-7322,Sed eget lacus@cursus co uk,2014-11-20 19:10:04,Fusce Feugiat Corp.,Trial,,Curabitur sed tortor. Integer aliquam adipiscing lacus. Ut nec urna,"Shelly, E. Walker",18.0
215,Sade,Hahn,"P.O. Box 371, 5294 Mollis. St.",Deerlijk,41261,1-612-506-3221,1-358-496-6342,nec urnanecenim edu,2014-10-05 06:41:34,Aliquet Corporation,"Subscriber, Platinum",Dr.,"Sed diam lorem, auctor quis, tristique ac,","Sade, W. Hahn",321.0
216,Kennedy,Jones,"P.O. Box 399, 8385 Velit. Av.",Signeulx,V5C 8M1,845-6696,,libero.at@velit.com,2013-12-15 15:38:19,Eu Incorporated,"Subscriber, Trial",Mr.,"Etiam laoreet, libero et tristique pellentesque,","Kennedy, P. Jones",24.0
217,Quinn,Conley,Ap #384-7561 Sit Street,Istres,4376,779-3212,1-608-989-1410,tempus lorem fringilla@Proin ca,2015-05-22 11:28:54,Vestibulum Nec Euismod Inc.,,Ms.,ultricies sem magna nec quam. Curabitur vel lectus. Cum,"Quinn, X. Conley",66.0
218,Melinda,Wyatt,2841 Luctus Road,Malbaie,32545-743,188-7276,,natoque penatibus et@non ca,2015-05-14 05:43:38,Mauris A Nunc Ltd,"Elite, Trial",Dr.,Sed eu nibh vulputate mauris sagittis placerat.,"Melinda, O. Wyatt",55.0
219,Clark,Mccoy,982-2895 Consequat St.,Grande Prairie,59624-222,1-205-347-6944,1-451-425-0099,in@vitae.ca,2015-03-16 08:15:52,Erat Nonummy Corp.,Subscriber,,vel turpis.,"Clark, V. Mccoy",54.0
220,Lillith,Parker,"880-5987 Dolor, Ave",Werbomont,96-949,+1 1-123-210-9175,1-753-153-1931,rutrum.lorem.ac@aliquam.net,2014-08-27 18:31:15,Nec Incorporated,,Mr.,"gravida sit amet, dapibus id, blandit at, nisi. Cum","Lillith, G. Parker",13.0
221,Ian,York,162-1523 Purus. Av.,Limoges,4135,1-884-575-7568,1-820-319-5328,Curae.Donec.tincidunt@luctusfelis,2014-06-13 22:03:49,Etiam Foundation,Subscriber,Mr.,Morbi non sapien molestie orci,"Ian, York",1.0
222,Zelenia,Harmon,Ap #354-4875 Neque Av.,Anderlues,66266,472-3169,NULL,,2014-02-14 19:12:24,Arcu Eu Ltd,Subscriber,Mr.,tempor diam dictum sapien. Aenean massa.,"Zelenia, Harmon",41.0
223,Hiram,Duke,"P.O. Box 637, 909 Augue Street",Lutsel K'e,90516,1-151-222-6489,,velsociis.edu,2013-11-03 12:02:22,Eu Sem Corp.,Subscriber,Mrs.,"ullamcorper, velit","Hiram, O. Duke",79.0
224,Caesar,Garrett,Ap #369-6860 Metus. Street,Topeka,3263,548.2251,1-369-377-0825,Integer@Intincidunt co uk,2015-02-05 05:25:00,A Incorporated,"Trial, Subscriber",Mr.,Donec at arcu. Vestibulum ante ipsum,"Caesar, Garrett",23.0
225,Maya,Wheeler,Ap #561-3476 Dolor. St.,Ganshoren,89376,1-323-452-1099,1-405-624-5170,sagittis@vestibulumlorem org,2015-01-16 15:48:13,Porttitor Industries,,,"est tempor bibendum. Donec felis orci, adipiscing","Maya, S. Wheeler",67.0
226,Jaime,Hamilton,Ap #879-2677 Nec Rd.,Poviglio,6259,1-986-540-4215,1-127-449-1704,nisl arcu iaculis@eliterat edu,2014-05-17 09:56:57,In Tempus Industries,Elite,Mr.,semper tellus id,"Jaime, Hamilton",5.0
227,Kiara,Booth,404-1886 At Ave,Santa Vittoria in Matenano,13-591,687-7910,1-801-825-9526,feugiat Lorem ipsum@hymenaeosMaurisut ca,2015-06-25 20:50:03,Neque Incorporated,Subscriber,,"quis lectus. Nullam suscipit, est ac facilisis facilisis,","Kiara, R. Booth",10.0
228,Dennis,Watkins,2821 Lobortis St.,Lutsel K'e,55711,1.758.981.2881,1-847-701-9681,,2015-01-09 07:39:04,Pulvinar Arcu Institute,Subscriber,Mrs.,"nec tempus scelerisque, lorem ipsum sodales","Dennis, Watkins",6.0
229,Gemma,Mercer,141-5414 Nunc. Street,Saint-Vincent,94402-330,505-8901,1-102-640-4812,ac facilisis facilisis@dictumultriciesligula ca,2013-12-21 12:34:18,Aenean Gravida Nunc Incorporated,"Subscriber, Trial",Dr.,ante. Vivamus non lorem vitae odio sagittis,"Gemma, Mercer",15.0
230,Aidan,Summers,Ap #719-964 Cubilia Avenue,Tramatza,99983,1-320-136-8825,1-455-923-3838,tortor@commodoauctor edu,2014-12-10 03:48:21,Id Incorporated,Platinum,Mrs.,arcu. Vestibulum ante ipsum,"Aidan, W. Summers",82.0
231,Germaine,,8352 Aliquet. Avenue,Castello di Godego,3520,1-565-511-8645,1-423-144-7022,,2014-07-13 22:06:21,Egestas Ligula Nullam Inc.,Platinum,Ms.,"iaculis, lacus pede sagittis augue, eu tempor erat neque","Germaine, X. Gordon",33.0
232,Bruce,Rhodes,2094 Vestibulum. Rd.,Ostrowiec Świętokrzyski,51882,447-0744,1-389-290-9946,pulvinar.arcu.et@duinec.co.uk,2014-09-04 09:00:46,Quis Turpis Ltd,Trial,Mrs.,mauris.,"Bruce, Y. Rhodes",7.0
233,Reese,Lynn,"P.O. Box 549, 4928 Auctor Road",Kallo,A5H 0Y7,1-189-798-4558,NULL,ipsum SuspendissenullaIntegervulputate net,2014-07-05 17:45:53,Magna Malesuada Vel Incorporated,"Elite, Subscriber",Ms.,"malesuada vel, venenatis vel, faucibus id, libero. Donec","Reese, O. Lynn",22.0
234,Sade,Dickson,4081 Nullam Street,Sellano,5732,1-508-451-2463,1-227-633-9573,mauris.ipsum.porta@Vestibulumanteipsum.edu,2014-05-06 06:05:58,Quis Diam Corp.,Subscriber,Mrs.,auctor,"Sade, Z. Dickson",14.0
235,Davis,Carroll,"4621 Tincidunt, St.",Burlington,61711,734-5135,1-555-829-8963,Donec@Aeneanegestashendrerit.co.uk,2014-04-05 11:57:03,Integer Sem Ltd,,Mr.,"tempor bibendum. Donec felis orci, adipiscing non, luctus","Davis, Carroll",10.0
236,Robin,,"P.O. Box 466, 9205 Non St.",Port Harcourt,3644,921.1725,1-907-765-2988,mi lorem vehiculaDonectempor edu,2014-06-17 00:55:46,Adipiscing Industries,,,vehicula,"Robin, West",26.0
237,Nichole,Vaughn,1743 Et Rd.,Alcalá de Henares,74849,627.6351,1-137-208-3765,auctor.nunc.nulla@iaculis.net,2013-12-22 00:05:22,Dui Fusce Aliquam Company,,Dr.,consectetuer euismod est arcu ac orci. Ut semper pretium neque.,"Nichole, Vaughn",13.0
238,Joan,Richmond,"136-6595 Vel, Rd.",Raymond,761634,103-7945,1-771-628-0985,arcu.Aliquam.ultrices@aliquetodioEtiam.com,2013-10-08 22:32:24,Maecenas Company,Trial,Ms.,"Quisque porttitor eros nec tellus. Nunc lectus pede,","Joan, Richmond",80.0
239,Lee,Ewing,546-639 Pede. Rd.,Ottawa,73859,+1 1-709-243-5326,1-429-438-5661,,2015-01-10 09:39:35,Aptent LLP,Platinum,Ms.,pulvinar arcu et pede. Nunc sed,"Lee, Ewing",15.0
240,Alika,Rollins,"P.O. Box 247, 823 Lorem, Rd.",Roosdaal,J3P 2C9,810-2347,,convallis@massalobortis.co.uk,2015-08-07 21:07:04,Quis Massa Ltd,,Mrs.,"blandit at, nisi. Cum sociis natoque penatibus et magnis dis","Alika, Rollins",5.0
241,Barry,Walton,235-7605 Vestibulum Avenue,Harlingen,9010JA,1-866-762-9059,,ac.mattis.velitpurusMaecenas.org,2015-05-03 19:30:24,Etiam Bibendum Consulting,,,"tempor, est ac mattis","Barry, Walton",12.0
242,Alyssa,Le,894-8730 Velit. Road,Orai,85112,1-377-270-8199,NULL,vulputate.ullamcorperenimNuncut.ca,2014-08-29 10:34:36,Eget Magna Industries,"Elite, Platinum",Mrs.,enim. Mauris quis turpis vitae purus gravida sagittis.,"Alyssa, A. Le",60.0
243,September,Matthews,595 Pretium Ave,Launceston,8216RE,266-6267,1-195-689-4606,,2015-06-08 17:09:39,Sed Tortor Corporation,"Platinum, Elite",Mr.,ante,"September, I. Matthews",42.0
244,Kirby,Rowe,894-7695 Sed Av.,Gent,26320,1-447-604-5971,NULL,et@egestasAliquam.co.uk,2015-08-19 14:34:50,Nulla Ante Industries,Trial,Mrs.,a odio semper cursus. Integer mollis. Integer tincidunt,"Kirby, Rowe",5.0
245,Moses,Collier,"Ap #358-6075 Elementum, St.",Bearberry,65143,1-535-347-7340,1-367-692-6859,molestie@pellentesque.net,2015-08-17 12:53:04,Dis Company,Subscriber,Ms.,fringilla. Donec feugiat metus sit amet ante.,"Moses, Collier",34.0
246,Myles,Dennis,143-997 Mauris Rd.,Newport News,M25 6AL,633-9152,,Phasellus.fermentum@nibh.co.uk,2015-01-10 23:12:36,Vitae Aliquam Eros Consulting,,Mrs.,Quisque fringilla,"Myles, Z. Dennis",9.0
247,Elijah,Sexton,Ap #556-3438 Nisi Rd.,Challand-Saint-Victor,74124-643,1-694-628-0723,1-756-485-0903,a.auctorat.co,2013-12-20 07:20:32,Condimentum Donec LLC,,Ms.,natoque penatibus et magnis dis parturient,"Elijah, Sexton",5.0
248,Riley,Fitzpatrick,867-1394 Eu Road,Holywell,5038,1.185.575.3117,1-344-635-8199,Donec@mipede.edu,2015-09-02 00:11:53,Morbi Tristique Senectus PC,"Subscriber, Trial",Mrs.,"tellus non magna. Nam ligula elit, pretium et, rutrum","Riley, Fitzpatrick",4.0
249,Todd,Fields,2240 Magna. Rd.,Voitsberg,09-680,867-5174,1-183-854-5198,DonecMaecenas.org,2014-03-08 18:44:23,Neque Associates,,Ms.,mauris a nunc. In at pede.,"Todd, X. Fields",13.0
250,Inga,Bray,346-5334 Blandit Av.,Tiel,07-706,1-424-312-6800,,ac.liberoprimis.ca,2014-11-19 03:43:47,Sed Molestie Sed Associates,"Subscriber, Elite",Ms.,"in, dolor. Fusce feugiat. Lorem ipsum dolor","Inga, Bray",83.0
251,Linus,Summers,"P.O. Box 964, 9656 Duis Road",Fraserburgh,7929,1-210-372-3238,1-125-434-2668,lobortis.quis@dolordolor.com,2015-04-27 05:07:33,Cras Vulputate Velit Corp.,,Ms.,"nec, eleifend non, dapibus",,28.0
252,Rhoda,Miles,"P.O. Box 512, 7975 Lectus Avenue",Sudbury,14675,220-0137,,Donec.egestasnatoquepenatibus.com,2014-01-13 18:22:18,Nunc Sed Orci Associates,Platinum,Mr.,"per conubia nostra, per inceptos hymenaeos.","Rhoda, Miles",20.0
253,Scott,Dominguez,"P.O. Box 782, 3530 Justo. Av.",Guadalupe,ZV9U 0DB,563-9968,1-736-212-7844,eu.accumsan.sed@mattisvelit.edu,2013-12-14 23:58:28,Vel Arcu Eu Limited,"Subscriber, Elite",Ms.,"sit amet, risus. Donec nibh","Scott, U. Dominguez",10.0
254,Victor,Madden,"P.O. Box 531, 2396 Faucibus St.",Owensboro,82261,1-975-264-0136,,consectetuer@aliquetsemut.net,2014-07-28 02:31:51,Convallis Est Vitae PC,,,lacus. Etiam bibendum fermentum metus. Aenean sed pede nec ante,"Victor, Madden",13.0
255,Ann,Sutton,Ap #749-9335 Curabitur St.,Lauder,6830,1-957-954-4395,1-391-636-8175,ullamcorper.velit.in@vel.edu,2015-07-16 05:46:24,Semper Rutrum Fusce Incorporated,"Elite, Subscriber",Mr.,Maecenas iaculis aliquet,"Ann, Y. Sutton",57.0
256,Helen,Brock,762-3308 Lobortis St.,Zaltbommel,3393,561-9046,1-341-920-0975,,2014-09-19 13:32:02,Consectetuer Adipiscing Industries,Subscriber,Mr.,faucibus,"Helen, N. Brock",48.0
257,Mira,,Ap #326-5607 Eu Rd.,Coalhurst,10586,155-1802,1-237-520-0416,et.libero@gravidasagittisDuis.edu,2015-04-13 01:00:01,Aliquam Iaculis Industries,Elite,Ms.,"torquent per conubia nostra, per inceptos hymenaeos.","Mira, Oconnor",17.0
258,Julian,Rhodes,8363 Morbi Av.,Sauveni�re,T7J 4T3,+1 800-5029,1-773-478-9412,sit amet@sociis com,2015-09-23 06:16:53,Sem Vitae Aliquam Associates,,Dr.,sit amet nulla. Donec non,"Julian, U. Rhodes",12.0
259,Mira,Pena,"P.O. Box 153, 2627 Sit Ave",Perchtoldsdorf,15241-555,900-7646,,ut@a.co,2014-05-14 07:29:33,Duis Risus Odio Consulting,Subscriber,Mr.,eu tempor erat neque non quam. Pellentesque habitant,,6.0
260,Yoko,Ashley,629-2209 Dictum Street,Avernas-le-Bauduin,8034,1.998.366.4262,1-583-524-6815,mollis.lectusa.ca,2014-01-15 15:20:07,Amet LLP,"Trial, Platinum",,justo. Praesent luctus.,"Yoko, C. Ashley",9.0
261,Myles,Payne,550-7465 Velit Road,Bonnyville,1703,1-284-937-3375,NULL,eu@neque.net,2014-11-13 14:50:18,Quam Quis Ltd,,,Maecenas,"Myles, S. Payne",56.0
262,Sandra,Burnett,442-3338 Eu Rd.,Lincoln,50615,+1 1-320-434-9320,1-447-496-2125,non.arcu@Curabitur,2014-07-19 17:13:46,Non Limited,"Subscriber, Platinum",Mrs.,"nonummy ut, molestie in, tempus eu, ligula. Aenean euismod mauris",,10.0
263,Amity,Sandoval,2840 Aliquam Av.,Rimouski,7272,1-830-467-0042,1-505-407-5054,at.iaculis@Integer.edu,2015-02-10 07:03:44,Eget Associates,"Trial, Subscriber",Mr.,erat. Vivamus nisi. Mauris,"Amity, Q. Sandoval",18.0
264,Claire,Farmer,"P.O. Box 533, 8015 Ut St.",San Jose,33849,1-963-174-0022,1-645-916-0760,pede@magnaaneque co uk,2015-08-09 14:36:54,Dolor Donec Foundation,"Subscriber, Platinum",Ms.,"elementum, dui quis accumsan convallis, ante lectus convallis est,","Claire, U. Farmer",13.0
265,Chava,Lancaster,590-6180 Pellentesque St.,Alajuela,23837,1-389-169-6902,1-876-116-5494,feugiatmauris.net,2014-03-10 13:39:39,Mus Institute,,Mr.,"montes, nascetur ridiculus mus. Aenean eget magna. Suspendisse tristique neque","Chava, Lancaster",1.0
266,Samson,Robertson,Ap #767-197 Fringilla. Avenue,Saint-Honor�,68922,904-8193,1-578-972-8821,nec.eleifend.noneratSed.co.uk,2015-07-31 10:01:10,Orci Lacus Vestibulum LLC,Elite,,"montes, nascetur ridiculus mus. Proin vel nisl. Quisque","Samson, H. Robertson",5.0
267,Dai,Christian,333-9616 Malesuada St.,Coldstream,7824,1.132.452.1766,NULL,ultrices@molestie com,2015-05-20 05:38:42,Aliquam Nisl Nulla Consulting,,,tristique senectus et netus et malesuada fames ac turpis,"Dai, M. Christian",56.0
268,Brennan,Odom,714-5790 Mollis. Street,Yellowknife,7282,+1 474-4506,1-218-545-1902,Nuncquisarcuvel.co,2014-07-23 20:32:33,Velit Aliquam Limited,Elite,Mr.,dapibus,"Brennan, T. Odom",11.0
269,Nash,Mayer,"697 Non, Road",Miramichi,400989,1-489-680-3485,1-106-825-3130,turpis.In.condimentumAeneansedpede.ca,2015-10-06 12:14:25,Malesuada Integer Id Inc.,"Elite, Subscriber",Mrs.,ac ipsum.,"Nash, Mayer",47.0
270,Lesley,,Ap #307-2010 Arcu. St.,Mandasor,65481,178-6032,1-467-255-7884,nunc.ac.mattis@erat.edu,2013-10-27 14:12:16,Ultrices Vivamus LLP,,Mr.,"lacinia vitae, sodales at, velit.","Lesley, F. Wood",119.0
271,Zahir,Myers,Ap #247-4229 Aliquam Rd.,Christchurch,8893,944-1479,1-493-502-0544,at.arcu.Vestibulum@natoquepenatibus.net,2014-11-10 18:54:36,Diam Foundation,Platinum,,"Etiam laoreet,","Zahir, Myers",69.0
272,Arden,Soto,673 Nonummy Road,Burlington,8715,1-450-523-4220,1-965-323-8177,nec@quis co uk,2014-05-01 15:01:38,Ante Dictum Mi Company,Trial,Mrs.,"dui, in sodales elit erat vitae risus. Duis a mi","Arden, Soto",16.0
273,Lyle,Potts,"5461 Non, Av.",Vernon,91-173,279-3478,,,2015-05-07 16:28:51,Ornare Institute,"Trial, Subscriber",Dr.,nec,"Lyle, U. Potts",54.0
274,Aphrodite,Odonnell,"P.O. Box 862, 3337 Aliquet Ave",Beaumaris,356152,443-7291,1-673-572-2053,nonummy Fusce fermentum@nonummyacfeugiat com,2014-01-02 06:05:25,Neque In Ornare LLP,Trial,Mrs.,velit egestas lacinia.,"Aphrodite, Odonnell",31.0
275,Colton,Guthrie,4194 Velit Rd.,Santander,973581,1.586.969.4190,1-766-308-1240,,2014-02-19 03:05:31,Elementum Associates,"Subscriber, Platinum",Dr.,"sapien. Cras dolor dolor,","Colton, Guthrie",14.0
276,Morgan,Coffey,"P.O. Box 996, 5202 Urna. Road",Kakinada,8643,208-5928,1-817-212-6684,eget.volutpat.ornare@arcueuodio.org,2015-10-05 05:28:21,Auctor Ullamcorper LLP,,Dr.,"non, lobortis","Morgan, H. Coffey",11.0
277,Omar,Kelley,9120 Posuere Rd.,Segni,8733,551-2125,1-314-252-2040,Cum.sociis.natoque@cubiliaCuraeDonec.net,2015-09-28 17:41:15,Vulputate Velit Industries,,Mr.,quam. Pellentesque habitant morbi tristique senectus et netus et,"Omar, A. Kelley",23.0
278,Omar,Gomez,8160 Convallis Road,Opglabbeek,69923,556-9396,1-622-822-4347,,2014-11-10 09:54:04,Facilisis Limited,"Platinum, Trial",Mrs.,Donec non justo. Proin,"Omar, Gomez",69.0
279,Kenyon,Knox,"405-6085 Sapien, Rd.",Colorado Springs,166619,1-944-593-9562,1-858-623-8374,vitae@metusAenean.edu,2014-05-02 11:37:15,Nibh Incorporated,,Mr.,amet risus. Donec egestas. Aliquam,"Kenyon, J. Knox",11.0
280,Abdul,Petty,"P.O. Box 397, 7686 Lorem, Rd.",Little Rock,90208,586-5330,1-473-633-2694,sociis@eratvolutpat co uk,2014-07-13 12:28:01,Accumsan Laoreet Incorporated,"Platinum, Subscriber",Mr.,ultricies ligula.,"Abdul, B. Petty",45.0
281,Whilemina,,614-2166 Aliquam Rd.,Montefalcone nel Sannio,61133,1.735.365.6401,1-867-219-3183,mollis Duis sit@acfacilisisfacilisis co uk,2013-12-07 16:38:46,Phasellus Company,"Subscriber, Platinum",Mr.,erat volutpat. Nulla facilisis. Suspendisse commodo tincidunt nibh.,"Whilemina, Reed",14.0
282,Madonna,Barron,"P.O. Box 384, 6989 Mauris Street",Bozeman,5382,1-582-189-3335,1-742-459-3823,ut cursus luctusgravidaAliquam ca,2014-07-19 17:26:29,Eu Limited,,Ms.,volutpat.,"Madonna, Barron",21.0
283,Rajah,,"P.O. Box 401, 8327 Aliquet Av.",Breton,H90 8KW,1.359.630.9997,,tempus.lorem@aliquam.ca,2015-03-15 11:11:44,Ac Eleifend Vitae Ltd,"Subscriber, Trial",Mr.,et libero. Proin mi. Aliquam gravida mauris ut mi. Duis,"Rajah, Williamson",-13.0
284,Len,Nielsen,"P.O. Box 597, 6478 Enim. Rd.",Fusignano,27112,1-797-415-6106,1-612-953-9705,erat@erateget com,2015-09-23 00:58:19,Sit Company,Platinum,Mr.,Donec at arcu. Vestibulum ante ipsum primis,"Len, G. Nielsen",52.0
285,Matthew,Palmer,"P.O. Box 866, 748 Donec Street",Cambridge,569660,+1 938-0347,1-513-739-0667,non.magna@dictumcursus.ca,2015-02-24 06:52:40,Metus Eu Erat Foundation,Platinum,Dr.,"ipsum. Curabitur consequat, lectus sit amet luctus","Matthew, Z. Palmer",82.0
286,Jocelyn,Miller,426-9571 Congue Rd.,Christchurch,5711,172-9115,1-748-521-2183,urna.convallis@aauctor.org,2015-09-08 19:59:38,Consectetuer LLC,,,egestas hendrerit neque. In,"Jocelyn, Miller",81.0
287,Fritz,,Ap #893-8181 Cras St.,Morinville,01729,613.3295,1-756-609-3725,eget.magna.Suspendisse@ante.ca,2014-09-20 01:43:22,Curabitur Massa PC,"Elite, Platinum",Mr.,magna. Sed eu eros. Nam consequat dolor vitae dolor.,"Fritz, Brady",15.0
288,Rose,Blair,413-237 Vitae Rd.,Sart-Eustache,69-036,952-7825,1-759-200-4341,enim.Etiam.imperdietmagnaaneque.co.uk,2015-05-04 19:29:42,Elit Sed Consequat Incorporated,,Mr.,sed leo. Cras,"Rose, G. Blair",15.0
289,Preston,Campos,"P.O. Box 792, 4465 Iaculis Road",Rajapalaiyam,M3C 1P4,540-2912,1-119-919-0671,accumsan@Etiamimperdiet org,2015-09-29 00:55:25,Facilisis Non Foundation,,Mr.,eu nibh vulputate mauris,"Preston, T. Campos",24.0
290,Felicia,Ochoa,772-232 Velit Road,Leiden,6513IH,1-427-202-5890,,vitae@Proinsed,2015-02-15 16:05:04,Varius Nam Porttitor Corporation,"Elite, Platinum",Dr.,"magna, malesuada","Felicia, T. Ochoa",4.0
291,Lilah,Hammond,809-5774 Arcu. Rd.,Chiusa Sclafani,S8G 3W1,846-2415,1-594-687-2913,dictum.magna.Ut@nequesed.net,2015-07-01 01:39:13,Cursus Institute,"Platinum, Trial",Ms.,cursus purus.,"Lilah, R. Hammond",-1.0
292,Quamar,Kelly,659-9138 Neque St.,Virginia Beach,611677,1-288-579-4009,1-966-296-1541,tristique ac eleifend@ProinultricesDuis co uk,2014-04-19 05:32:15,Ligula Inc.,Subscriber,Mrs.,Nunc,"Quamar, Kelly",43.0
293,Isabelle,Riddle,525-5610 Suspendisse Rd.,Koszalin,373909,992-4234,,Cras.eu.tellus@ametmassa.org,2014-03-12 22:51:34,Sapien Inc.,"Subscriber, Trial",Ms.,"In ornare sagittis felis. Donec tempor, est ac mattis","Isabelle, Riddle",18.0
294,Carly,Bird,"150-9445 Nec, Ave",Columbia,302454,+1 682-7272,1-895-561-6623,neque vitae semper@ut edu,2015-07-26 09:31:35,Ligula Consectetuer Corp.,Elite,Mr.,nunc ac mattis,"Carly, Bird",21.0
295,Brett,Joseph,259 Semper Road,Minderhout,19137-903,436-3540,NULL,Praesent.eu.nulla@tempusmauriserat.org,2014-10-14 06:41:45,Quam Vel Corporation,Subscriber,Mrs.,vitae velit,"Brett, J. Joseph",16.0
296,Lucius,,Ap #345-7226 Suspendisse Rd.,Guadalupe,6326,1-604-703-4677,1-299-799-0147,sagittis Nullam vitaenibh org,2014-01-28 20:02:59,Ligula Industries,Elite,Dr.,arcu. Vestibulum ante ipsum,"Lucius, A. Vinson",19.0
297,Kibo,Cain,2033 Leo. St.,Enkhuizen,R0S 7Z7,+1 1-931-708-1780,1-660-515-6926,aliquet@ipsum.ca,2014-05-19 10:13:13,Dui Augue LLP,Subscriber,Dr.,"eget, dictum placerat,","Kibo, H. Cain",10.0
298,Lance,Flowers,Ap #347-9351 Bibendum. Av.,Gatineau,39-500,1-707-226-7652,1-209-813-3106,dolor@acfacilisis.edu,2014-04-18 04:38:54,A Odio Semper Consulting,,Mrs.,Nullam lobortis quam a felis ullamcorper viverra. Maecenas iaculis aliquet,"Lance, Flowers",4.0
299,Fiona,Lara,201-3142 Praesent Rd.,Lienz,7659II,1-893-140-1212,1-211-178-1632,Phasellus dapibus@montesnascetur ca,2013-12-16 03:21:49,Tincidunt LLC,Trial,Mr.,dictum magna. Ut tincidunt orci,"Fiona, E. Lara",14.0
